date,username,to,replies,retweets,favorites,text,geo,mentions,hashtags,id,permalink
2018-01-23 23:58:25,importcarguy,,0,0,0,"Enabling Remote and Branch Office (ROBO) and Edge Use Cases with #VMware #vSAN & #Cisco #UCS E-Series #vExpert http://bit.ly/2G6MZ1P pic.twitter.com/vXGstK5pHC",,,#VMware #vSAN #Cisco #UCS #vExpert,955952892879372288,https://twitter.com/importcarguy/status/955952892879372288
2018-01-23 23:56:25,anilve,,0,0,2,"Keep yourself up to date with the latest in the technology world, learn to develop an enterprise ChatBot! @SteveSfartz shows you how. #Cisco #DevNet http://bit.ly/2CmnIia via @ciscodevnet",,@SteveSfartz @ciscodevnet,#Cisco #DevNet,955952391857217536,https://twitter.com/anilve/status/955952391857217536
2018-01-23 23:51:00,LighthouseCS,,0,0,1,"Cisco: Applying Decades of IT Knowledge to the Connected Car #Cisco #ConnectedCar #AutonomousVehicle #CiscoPartner #IT #Innovation #Technology #NYBiz #BostonBiz #EastCoast https://hubs.ly/H09LbdG0",,,#Cisco #ConnectedCar #AutonomousVehicle #CiscoPartner #IT #Innovation #Technology #NYBiz #BostonBiz #EastCoast,955951028121276416,https://twitter.com/LighthouseCS/status/955951028121276416
2018-01-23 23:48:40,thaispicesmesa,xokarina,0,0,0,"@xokarina Awesome! Who's your favorite character? #Cisco",,@xokarina,#Cisco,955950440516071424,https://twitter.com/thaispicesmesa/status/955950440516071424
2018-01-23 23:45:37,donahuekev,,0,0,0,"Check out #CCIE #Collaboration v2.0, which has been refreshed with the latest collaboration products, technology, and solutions. #CiscoCert #Cisco #Technology http://bit.ly/2n8daNR pic.twitter.com/Gv7XqEQyl2",,,#CCIE #Collaboration #CiscoCert #Cisco #Technology,955949672547328000,https://twitter.com/donahuekev/status/955949672547328000
2018-01-23 23:45:03,CXtec,,0,0,0,"How to choose the right #Cisco router for your business: http://bit.ly/2jLiXYv .pic.twitter.com/GxBzQjifA3",,,#Cisco,955949531723653122,https://twitter.com/CXtec/status/955949531723653122
2018-01-23 23:40:13,ciscocxc,,0,0,1,"Do not try to do everything. Do one thing well. #wednesdaywisdom #quotesoftheday #quotes #technology #innovation #wearecisco #cisco #cxcshanghai #APJCpic.twitter.com/qAgyC682qH",,,#wednesdaywisdom #quotesoftheday #quotes #technology #innovation #wearecisco #cisco #cxcshanghai #APJCpic,955948312892383233,https://twitter.com/ciscocxc/status/955948312892383233
2018-01-23 23:33:29,LearningatCisco,,1,9,24,"Don’t freak out, use VIRL PE, with real #Cisco iOS to prepare for your #CiscoCert exam. http://cs.co/9002Dzuhp #CCNA #CCNP #CCIE #techpic.twitter.com/G2dlMpVn0y",,,#Cisco #CiscoCert #CCNA #CCNP #CCIE #techpic,955946621325332480,https://twitter.com/LearningatCisco/status/955946621325332480
2018-01-23 23:32:42,cyberparse,,0,0,0,"#Cisco Application Policy Infrastructure Controller Local Command Injection and Privilege Escalation Vulnerability - http://cyberparse.co.uk/2017/11/29/cisco-application-policy-infrastructure-controller-local-command-injection-and-privilege-escalation-vulnerability-3/ … - #2017 #Content #Credentials #Exploit #Host #OperatingSystem #Root #User #Vulnerabilities #VulnerabilityManagementpic.twitter.com/6YPcxPzjV9",,,#Cisco #2017 #Content #Credentials #Exploit #Host #OperatingSystem #Root #User #Vulnerabilities #VulnerabilityManagementpic,955946424579055616,https://twitter.com/cyberparse/status/955946424579055616
2018-01-23 23:27:53,Joyce1Hock,,0,0,4,"Completed. #Cisco #CableWednesdaypic.twitter.com/WnKsbLri4o",,,#Cisco #CableWednesdaypic,955945209723944960,https://twitter.com/Joyce1Hock/status/955945209723944960
2018-01-23 23:23:24,EvadoCEO,,0,0,0,"Human error biggest security concern for ANZ businesses https://itbrief.co.nz/story/human-error-biggest-security-concern-anz-businesses/ … #IT Brief Australia #VMware #Cisco #F5 Networks #Secuirity #Automation #OpenStack",,,#IT #VMware #Cisco #F5 #Secuirity #Automation #OpenStack,955944082936770560,https://twitter.com/EvadoCEO/status/955944082936770560
2018-01-23 23:05:30,JESUSRMZSDT,,0,0,1,"https://www.i-scoop.eu/content-marketing/content-sharing-storytelling/ … … IT network https://www.cisco.com/ Platzi Learn technology https://platzi.com/ #Cisco #internet #Influencers #Entrepreneur #socialmedia #TechNews #IoTEvolution #webdevelopment #WebsiteDesign La Red https://www.youtube.com/watch?v=htMsZJam3xM … … …",,,#Cisco #internet #Influencers #Entrepreneur #socialmedia #TechNews #IoTEvolution #webdevelopment #WebsiteDesign,955939577507835904,https://twitter.com/JESUSRMZSDT/status/955939577507835904
2018-01-23 23:01:03,ccourtanna,,0,0,1,"One year down today at @AppDynamics! Love this company! #appdynamics #cisco pic.twitter.com/2M9hjm5aWh",,@AppDynamics,#appdynamics #cisco,955938457297104896,https://twitter.com/ccourtanna/status/955938457297104896
2018-01-23 22:59:04,knolinfos,,0,0,1,"Xavier Bettel Signs #MoU with #Cisco CEO to Accelerate #Digitisation of #Luxembourg | #DigitalLuxembourg #Europe http://sco.lt/9124x7 #Digitalisierung #ICTpic.twitter.com/XxBLzpUIsz",,,#MoU #Cisco #Digitisation #Luxembourg #DigitalLuxembourg #Europe #Digitalisierung #ICTpic,955937957537636353,https://twitter.com/knolinfos/status/955937957537636353
2018-01-23 22:41:02,CXtec,,0,0,0,"What do #Macklemore and #equal2new #Cisco #networking equipment have in common? 90% off list prices! http://bit.ly/2jGPfEm #ThriftShoppic.twitter.com/i5Z1Mj693i",,,#Macklemore #equal2new #Cisco #networking #ThriftShoppic,955933419791376385,https://twitter.com/CXtec/status/955933419791376385
2018-01-23 22:17:58,Amy_Lawrence,,0,0,1,"Brilliant keynote from @MartinBayfield tonight @ComstorUK #comment2018 #cisco pic.twitter.com/c8EVi805G9 – at Fawsley Hall Hotel",,@MartinBayfield @ComstorUK,#comment2018 #cisco,955927617282113536,https://twitter.com/Amy_Lawrence/status/955927617282113536
2018-01-23 22:15:49,FadyKhella,,0,0,0,"Seize the Grid for 100% clean energy by 2030 — http://AddUp.org #cisco #vision #anz #ccie http://bit.ly/2BoDV4X pic.twitter.com/sDfclPnJcj",,,#cisco #vision #anz #ccie,955927076615303168,https://twitter.com/FadyKhella/status/955927076615303168
2018-01-23 22:13:42,Hybrid_Circle,,0,0,0,"BrandPost: Don’t Have Reservations About Your Reserved Instances http://twib.in/l/zr675y76ELop via @HYBRID_CIRCLE #Microsoft #Cisco pic.twitter.com/jMsrerZ8S7",,@HYBRID_CIRCLE,#Microsoft #Cisco,955926539962605568,https://twitter.com/Hybrid_Circle/status/955926539962605568
2018-01-23 22:11:23,FadyKhella,,0,0,0,"Why Cisco WebEx? Compare Conferencing Solutions #cisco #ccie #collaboration #perfectpitch #anz #oil&gas http://bit.ly/2BnkgSU pic.twitter.com/RcYTYfTu9y",,,#cisco #ccie #collaboration #perfectpitch #anz #oil,955925959684775936,https://twitter.com/FadyKhella/status/955925959684775936
2018-01-23 22:09:48,FadyKhella,,0,0,0,"Check out #CCIE #Collaboration v2.0, which has been refreshed with the latest collaboration products, technology, and solutions. #CiscoCert #Cisco #Technology http://bit.ly/2n3feqm pic.twitter.com/4Yw0wSOrqI",,,#CCIE #Collaboration #CiscoCert #Cisco #Technology,955925559694974976,https://twitter.com/FadyKhella/status/955925559694974976
2018-01-23 22:02:04,kermit_graham,,0,0,1,"What are 6 ways #IoT is improving our lives? #Cisco's VP @MaciejKranz writes in the World Economic Forum’s @WEF Agenda blog--see how #IoT is transforming #healthcare, #agriculture & our environmental impact in exciting ways. http://bit.ly/2G96qr3 pic.twitter.com/tAy6K7PzrQ",,@MaciejKranz @WEF,#IoT #Cisco #IoT #healthcare #agriculture,955923615165198336,https://twitter.com/kermit_graham/status/955923615165198336
2018-01-23 22:01:46,kermit_graham,,0,0,1,"#Cisco orchestrates #IoT transformation at Cisco Live Barcelona. #CLEUR #CiscoInnovates, @sraghav19 #CiscoInnovates http://bit.ly/2G97tXR pic.twitter.com/X6KDcYQzMU",,@sraghav19,#Cisco #IoT #CLEUR #CiscoInnovates #CiscoInnovates,955923537318916096,https://twitter.com/kermit_graham/status/955923537318916096
2018-01-23 22:01:27,kermit_graham,,0,0,0,"See #IoT orchestration in action at #Cisco Live Barcelona via @fvlingen #CLEUR #CiscoInnovates http://bit.ly/2BptDBu pic.twitter.com/mSYGwIMVpn",,@fvlingen,#IoT #Cisco #CLEUR #CiscoInnovates,955923459204268032,https://twitter.com/kermit_graham/status/955923459204268032
2018-01-23 22:00:01,LearningatCisco,,0,0,3,"Save time researching! Get the #CiscoCert definitive guide to funding #CCNA today. http://cs.co/6019DMRH3 #Cisco #Education #HelpfulTipspic.twitter.com/FxoejTGVpi",,,#CiscoCert #CCNA #Cisco #Education #HelpfulTipspic,955923099903504385,https://twitter.com/LearningatCisco/status/955923099903504385
2018-01-23 21:44:56,ISIPartners,,0,0,0,"Understanding Your KPI's http://bit.ly/2mJXmRO #KPI #Control #Stats #Cisco #Skype #Jabber #WFO #KPI #Knowledge #Insight #BusinessTrends #TuesdayThoughts #ITpic.twitter.com/nnQmmhFkic",,,#KPI #Control #Stats #Cisco #Skype #Jabber #WFO #KPI #Knowledge #Insight #BusinessTrends #TuesdayThoughts #ITpic,955919303324459009,https://twitter.com/ISIPartners/status/955919303324459009
2018-01-23 21:44:56,ISITele,,0,1,1,"Understanding Your KPI's http://bit.ly/2mJXmRO #KPI #Control #Stats #Cisco #Skype #Jabber #WFO #KPI #Knowledge #Insight #BusinessTrends #TuesdayThoughts #ITpic.twitter.com/Xj8qNeJUE1",,,#KPI #Control #Stats #Cisco #Skype #Jabber #WFO #KPI #Knowledge #Insight #BusinessTrends #TuesdayThoughts #ITpic,955919303165071360,https://twitter.com/ISITele/status/955919303165071360
2018-01-23 21:44:42,kuehltweet,,0,4,6,"Put your app in the Fast Lane! Free Webinar tomorrow 10am PST. With half of all WiFi networks built on Cisco infrastructure, you can improve performance of your app #iOS #app by adding service types. http://bit.ly/2n5rvdc #DevNet #Cisco #Apple #AppDev #mobilepic.twitter.com/D8ykDiwOuX",,,#iOS #app #DevNet #Cisco #Apple #AppDev #mobilepic,955919245002514432,https://twitter.com/kuehltweet/status/955919245002514432
2018-01-23 21:41:16,4th_Ind_Rev,,0,0,0,"#IoT: Globally, IP video traffic will be 82 percent of all IP traffic by 2021, up from 73 percent in 2016. This fasicnating but rather dry #Cisco report is thought provoking https://www.cisco.com/c/en/us/solutions/collateral/service-provider/visual-networking-index-vni/vni-hyperconnectivity-wp.html …pic.twitter.com/ReGmJTMmSt",,,#IoT #Cisco,955918381051412485,https://twitter.com/4th_Ind_Rev/status/955918381051412485
2018-01-23 21:37:03,CXtec,,0,0,1,"5 Key Benefits Of Using #Cisco 6500 Series Switches: http://bit.ly/2k0L6fp . #CiscoSwitches #UsedCisco #ITpic.twitter.com/EnkuUVw1uu",,,#Cisco #CiscoSwitches #UsedCisco #ITpic,955917319431127040,https://twitter.com/CXtec/status/955917319431127040
2018-01-23 21:36:25,HoeSilvi,,0,0,1,". @Miercom weighs in on #Cisco vs. Huawei Bake Off. #CiscoDNA - https://infl.tv/cFmA",,@Miercom,#Cisco #CiscoDNA,955917157296164867,https://twitter.com/HoeSilvi/status/955917157296164867
2018-01-23 21:35:09,Virtual_com,,0,0,0,"What's coming in 2018? Here's what 7 CIOs have planned: http://oal.lu/2p0MR pic.twitter.com/58lVxjiEjp #2018Trends #ASGCisco #Cisco",,,#2018Trends #ASGCisco #Cisco,955916841041432577,https://twitter.com/Virtual_com/status/955916841041432577
2018-01-23 21:32:03,HoeSilvi,,0,0,1,"The #GartnerMQ for Wired and #Wireless LAN is out and #Cisco is once again named a leader. - https://infl.tv/cFmm",,,#GartnerMQ #Wireless #Cisco,955916059206352896,https://twitter.com/HoeSilvi/status/955916059206352896
2018-01-23 21:16:27,KonicaMinoltaCA,,0,0,0,"#Cisco using #AI + machine learning to help #IT predict failures http://tcrn.ch/2gPvGaJ pic.twitter.com/XAQXbmVByr",,,#Cisco #AI #IT,955912133945966592,https://twitter.com/KonicaMinoltaCA/status/955912133945966592
2018-01-23 21:15:40,ivgcareyallen,,0,0,0,"iVantage Group is hiring! Apply now for the position of Network Engineer http://ivantagegroup.mycompas.com/staff/compas_sharejob.aspx?rID=CA993913528&rpid=23724&uID=17178 … #job #network #engineer #cisco #wan #router #switch",,,#job #network #engineer #cisco #wan #router #switch,955911936620810242,https://twitter.com/ivgcareyallen/status/955911936620810242
2018-01-23 21:03:55,StephensCisco,,0,0,0,"Check out #CCIE #Collaboration v2.0, which has been refreshed with the latest collaboration products, technology, and solutions. #CiscoCert #Cisco #Technology http://bit.ly/2Boxkrd pic.twitter.com/QDRyjussGS",,,#CCIE #Collaboration #CiscoCert #Cisco #Technology,955908978847891456,https://twitter.com/StephensCisco/status/955908978847891456
2018-01-23 21:02:23,IowaCompGurus,,0,0,0,"#IMPORTANT - #Cisco has just released a #critical #security #advisory to address #exploit #vulnerabilities related to #WebEx #product linehttp://ed.gr/iztw",,,#IMPORTANT #Cisco #critical #security #advisory #exploit #vulnerabilities #WebEx #product,955908595408830465,https://twitter.com/IowaCompGurus/status/955908595408830465
2018-01-23 20:50:30,RandyLong23,,0,0,1,"Anthony and Adrien talk about Personal Branding and Networking at #Cisco’s RTP NEO. Adrien mention my tweeting, so I’m tweeting that now too. Meta! @WeAreCiscopic.twitter.com/rAkSd3ikFp",,@WeAreCiscopic,#Cisco,955905602156466176,https://twitter.com/RandyLong23/status/955905602156466176
2018-01-23 20:49:47,gennacaroline27,CCWRTP,0,0,1,"It's nearly time! #CiscoSE and #Cisco teams, let's rally together for the BEST #WomenOfImpact yet! #WOI2018 #InclusionIsHappening #LoveWherYouWork #WeAreCisco #SystemsEngineerhttps://twitter.com/CCWRTP/status/955840945349677056 …",,,#CiscoSE #Cisco #WomenOfImpact #WOI2018 #InclusionIsHappening #LoveWherYouWork #WeAreCisco #SystemsEngineerhttps,955905422602379264,https://twitter.com/gennacaroline27/status/955905422602379264
2018-01-23 20:47:39,gennacaroline27,Edwin_zh,0,0,2,"The latest buzz = #designthinking #CiscoSE s can learn it w. customers/partners at #CLEUR during the #Cisco #DevNet panelhttps://twitter.com/Edwin_zh/status/955835768320094208 …",,,#designthinking #CiscoSE #CLEUR #Cisco #DevNet,955904887585320962,https://twitter.com/gennacaroline27/status/955904887585320962
2018-01-23 20:40:57,murphyeagle,,0,0,0,"GOP Tax Scam Loophole Would Let Corporations Reap Billions More in Tax Avoidance - https://goo.gl/PGG3Rk #Apple #Microsoft #Cisco #TaxAvoidance #TaxEvasion",,,#Apple #Microsoft #Cisco #TaxAvoidance #TaxEvasion,955903202548842496,https://twitter.com/murphyeagle/status/955903202548842496
2018-01-23 20:37:29,eoymak,,0,0,0,"See #IoT orchestration in action at #Cisco Live Barcelona. #CLEUR #CiscoInnovates http://bit.ly/2FKshVg via @fvlingen",,@fvlingen,#IoT #Cisco #CLEUR #CiscoInnovates,955902329210974218,https://twitter.com/eoymak/status/955902329210974218
2018-01-23 20:36:53,IspFramework,,0,0,0,"#telegram bot for #librenms #snmp #monitoring up and running, nice feature, when #cisco vios is down, alert is sent, well done @LibreNMS pic.twitter.com/uCCcv2SzXi",,@LibreNMS,#telegram #librenms #snmp #monitoring #cisco,955902175170973697,https://twitter.com/IspFramework/status/955902175170973697
2018-01-23 20:36:51,eoymak,,0,0,0,"#Cisco orchestrates #IoT transformation at Cisco Live Barcelona. #CLEUR #CiscoInnovates https://blogs.cisco.com/zzfeatured/iot-orchestration-applied-to-cities-and-emergency-vehicles … via @sraghav19",,@sraghav19,#Cisco #IoT #CLEUR #CiscoInnovates,955902168443256832,https://twitter.com/eoymak/status/955902168443256832
2018-01-23 20:30:27,WDPI,,0,1,0,"Buying #Cisco switches or routers? Reduce cost & maintain reliability with #refurbished gear! https://www.wdpi.com/blog/choosing-an-it-hardware-reseller …",,,#Cisco #refurbished,955900558082179072,https://twitter.com/WDPI/status/955900558082179072
2018-01-23 20:21:46,ip_cisco,,1,7,11,"Neighbour Discovery Protocols: - LLDP - CDP - LLDP-MED - NDP https://ipcisco.com/neighbour-discovery-protocols-part-1/ … Please RT... #ccna #ccnp #Cisco #NETWORKpic.twitter.com/3BTdSCRvpt",,,#ccna #ccnp #Cisco #NETWORKpic,955898371029590016,https://twitter.com/ip_cisco/status/955898371029590016
2018-01-23 20:18:18,Notes_Theory,,1,0,0,"How Joshua Cracked His CISSP Exam https://www.studynotesandtheory.com/single-post/How-Joshua-Cracked-His-CISSP-Exam … ---------------- > #cissp #security #ceh #hacking #cybersecurity #infosec #pune #bengaluru #chennai #ethicalhacking #tech #breach #data #firewall #cisco #paloalto #checkpoint #fortinet #ciso #encryption #cryptography",,,#cissp #security #ceh #hacking #cybersecurity #infosec #pune #bengaluru #chennai #ethicalhacking #tech #breach #data #firewall #cisco #paloalto #checkpoint #fortinet #ciso #encryption #cryptography,955897502502408192,https://twitter.com/Notes_Theory/status/955897502502408192
2018-01-23 20:15:45,xhemery,,0,0,0,"Check out #CCIE #Collaboration v2.0, which has been refreshed with the latest collaboration products, technology, and solutions. #CiscoCert #Cisco #Technology http://bit.ly/2G6788i pic.twitter.com/U4LJV1JgAs",,,#CCIE #Collaboration #CiscoCert #Cisco #Technology,955896857003048960,https://twitter.com/xhemery/status/955896857003048960
2018-01-23 20:10:36,RandyLong23,elizajc,0,1,1,"How cool is #Cisco? So cool that we give second chances to hardened criminals like our new hire Eliza- hide your cats! @WeAreCisco RTP NEO 1/22-1/23https://twitter.com/elizajc/status/955861921743417344 …",,@WeAreCisco,#Cisco,955895563999940613,https://twitter.com/RandyLong23/status/955895563999940613
2018-01-23 20:02:00,mvankleij_nl,,0,0,0,"One of the greatest pages I came across recently: http://etherealmind.com/cisco-ios-cli-shortcuts/ … Thanks for creating it @etherealmind! #ccie #cisco",,@etherealmind,#ccie #cisco,955893400099803136,https://twitter.com/mvankleij_nl/status/955893400099803136
2018-01-23 20:00:42,ACCInc1,,0,0,0,"For Sale: #cisco #WS-C2960X-48TS-LL New Retail Sealed. Make an offerpic.twitter.com/G8k4sVG2fk",,,#cisco #WS,955893070930722816,https://twitter.com/ACCInc1/status/955893070930722816
2018-01-23 20:00:02,LearningatCisco,,0,4,11,"Read about the latest updates to the #CCIE #Collaboration v2.0 certification, which unifies the written and lab exam topics into a unique curriculum. #CiscoCert #Cisco http://cs.co/6017DMREl pic.twitter.com/64dbhvJSPV",,,#CCIE #Collaboration #CiscoCert #Cisco,955892902944788481,https://twitter.com/LearningatCisco/status/955892902944788481
2018-01-23 19:55:31,williamrn3,,1,0,6,"It's a honor be member this program Cisco Champion 2018. Thanks a million Andi, Brett and all the team! #CiscoChampion #Cisco #OpenMindpic.twitter.com/65zxKmMoSc",,,#CiscoChampion #Cisco #OpenMindpic,955891766695284736,https://twitter.com/williamrn3/status/955891766695284736
2018-01-23 19:51:46,RandyLong23,,0,0,4,"21 new #Cisco employees - talent, skill, potential and a whole lot of future #Cisco success is standing on this bridge right now. @WeAreCiscopic.twitter.com/5W7rGLy7RO",,@WeAreCiscopic,#Cisco #Cisco,955890822913888256,https://twitter.com/RandyLong23/status/955890822913888256
2018-01-23 19:49:27,c0deIII,techsnarketer,0,0,3,"Thank you Kim. See you @DevNetCreate 2018. #Cisco #DevNet",,@DevNetCreate,#Cisco #DevNet,955890241658916864,https://twitter.com/c0deIII/status/955890241658916864
2018-01-23 19:48:03,SoleSourceTech,,0,0,0,"Sometimes our customers will admit when they choose SST over #Cisco, #Juniper, #HPE, #Alcatel and others. But sometimes they want to keep their identity a secret. We get it. #FakePhoto #RealQuotepic.twitter.com/hwBPfo46qp",,,#Cisco #Juniper #HPE #Alcatel #FakePhoto #RealQuotepic,955889885860130817,https://twitter.com/SoleSourceTech/status/955889885860130817
2018-01-23 19:48:01,lizcentoni,ciscoapac,0,5,12,"Putting #ASEAN #Cybersecurity in perspective: what’s at stake? Thanks to @ciscoapac and @ATKearney for the insights in this new report. #Cisco #CiscoSecurity #DigitalTransformtion @naveenmenon2017https://twitter.com/ciscoapac/status/955627279857651712 …",,@ciscoapac @ATKearney @naveenmenon2017https,#ASEAN #Cybersecurity #Cisco #CiscoSecurity #DigitalTransformtion,955889877748301824,https://twitter.com/lizcentoni/status/955889877748301824
2018-01-23 19:45:24,fbolanosf,,0,0,0,"#Cisco orchestrates #IoT transformation at Cisco Live Barcelona. #CLEUR #CiscoInnovates, @sraghav19 #CiscoInnovates http://bit.ly/2ry2RHA pic.twitter.com/mx78rkOzac",,@sraghav19,#Cisco #IoT #CLEUR #CiscoInnovates #CiscoInnovates,955889219683065856,https://twitter.com/fbolanosf/status/955889219683065856
2018-01-23 19:44:38,BaraaMohammadSY,,0,3,3,"#Blockchain + transportation infrastructure = the levels of trust and #security necessary for a self-driving future #CiscoInnovates #AlJammaz #Distribution #Cisco #CiscoDCC18 #DCCAlJammaz18 #exginge #technology #tech @CiscoDistEMEAR @imsidahmadhttp://aljammazdistribution.smh.re/0u",,@CiscoDistEMEAR @imsidahmadhttp,#Blockchain #security #CiscoInnovates #AlJammaz #Distribution #Cisco #CiscoDCC18 #DCCAlJammaz18 #exginge #technology #tech,955889026849964035,https://twitter.com/BaraaMohammadSY/status/955889026849964035
2018-01-23 19:30:00,BaraaMohammadSY,,0,2,4,"Simplified management #automation and #security are the foundations for #digital healthcare. See how Felix Platter Hospital is making it happen #network #AlJammaz #Distribution #Cisco #CiscoDCC18 #DCCAlJammaz18 #exginge #tech @CiscoDistEMEAR @imsidahmadhttp://aljammazdistribution.smh.re/0s",,@CiscoDistEMEAR @imsidahmadhttp,#automation #security #digital #network #AlJammaz #Distribution #Cisco #CiscoDCC18 #DCCAlJammaz18 #exginge #tech,955885346864160768,https://twitter.com/BaraaMohammadSY/status/955885346864160768
2018-01-23 19:29:05,AdoptADonkey,,4,31,144,"Isn't #Cisco just gorgeous? pic.twitter.com/OGUeO3enSa",,,#Cisco,955885114776530946,https://twitter.com/AdoptADonkey/status/955885114776530946
2018-01-23 19:25:01,CiscoCanada,,0,1,0,"Get the IDC report to see how #Cisco DNA can help prep your network for #digital transformation. http://cs.co/6017Dzq7Z pic.twitter.com/NTLeJgAPot",,,#Cisco #digital,955884089319575554,https://twitter.com/CiscoCanada/status/955884089319575554
2018-01-23 19:16:53,BaraaMohammadSY,,0,2,3,"Believe it or not, a #network can improve your bottom line. See how much you can save with a software-defined network #CiscoDNA #AlJammaz #Distribution #Cisco #CiscoDCC18 #DCCAlJammaz18 #exginge #technology #tech @CiscoDistEMEAR @imsidahmadhttp://aljammazdistribution.smh.re/0q",,@CiscoDistEMEAR @imsidahmadhttp,#network #CiscoDNA #AlJammaz #Distribution #Cisco #CiscoDCC18 #DCCAlJammaz18 #exginge #technology #tech,955882046496432128,https://twitter.com/BaraaMohammadSY/status/955882046496432128
2018-01-23 19:10:08,Entisys360,,0,1,1,"How Kubernetes Speeds Innovation http://ow.ly/nuV430hSUq2 @NetworkComputin #Cisco #Virtualization #microservices",,@NetworkComputin,#Cisco #Virtualization #microservices,955880347308380160,https://twitter.com/Entisys360/status/955880347308380160
2018-01-23 19:04:27,BrookeHammerCM,,0,0,0,"Join us for the #SuccessTalk #webinar - Is Your Organization in Digital Denial? on January 30th! #Cisco http://bit.ly/2n539kr pic.twitter.com/SsJBya2NqM",,,#SuccessTalk #webinar #Cisco,955878914110324740,https://twitter.com/BrookeHammerCM/status/955878914110324740
2018-01-23 19:04:06,CiscoBlog1,,0,0,0,"Will Resurgent Cisco Slow Down Arista Networks In Cloud Computing? #cisco #bhivelabs http://dld.bz/g7PaF",,,#cisco #bhivelabs,955878827040878593,https://twitter.com/CiscoBlog1/status/955878827040878593
2018-01-23 18:46:20,Hussein_Anees_R,,0,0,1,"Discover cloud-managed security with #Cisco @Meraki today | @LogicomDisti #CiscoDCC18 #DCCLOGICOMSA18 http://logicom.smh.re/bX",,@Meraki @LogicomDisti,#Cisco #CiscoDCC18 #DCCLOGICOMSA18,955874354763567110,https://twitter.com/Hussein_Anees_R/status/955874354763567110
2018-01-23 18:35:21,TopHardwareVids,,0,0,0,"Large Memory Chip Manufacturer creates a Factory of The Future – #Cisco https://goo.gl/fb/9yWZAh",,,#Cisco,955871593556619264,https://twitter.com/TopHardwareVids/status/955871593556619264
2018-01-23 18:32:05,UKCiscoJobs,,0,0,0,"CCNP Senior Network Engineer - High Wycombe http://dlvr.it/QCRdCt #jobs #cisco",,,#jobs #cisco,955870768960651265,https://twitter.com/UKCiscoJobs/status/955870768960651265
2018-01-23 18:30:29,WDPI,,0,1,0,"Get your FREE #Cisco switch and router specifications poster from World Data Products. https://www.wdpi.com/about/company-info/free-resources/landing-page/get-the-quick-glance-cisco-poster …",,,#Cisco,955870366987096064,https://twitter.com/WDPI/status/955870366987096064
2018-01-23 18:22:29,susiewee,Edwin_zh,1,3,12,"#Cisco #DevNet is teaching #DesignThinking to our developers! We've been practicing designing thinking inside and want to share it with all of you. Join us for our panel and hands-on workshops in #CLEUR Barcelona!https://twitter.com/Edwin_zh/status/955835768320094208 …",,,#Cisco #DevNet #DesignThinking #CLEUR,955868352798277632,https://twitter.com/susiewee/status/955868352798277632
2018-01-23 18:15:25,JessGoddesse,,0,0,1,"TY4RT, @aliciamia17 > @WeAreCisco's @CShirkeyCollins on @Cisco’s Year of Live Video, scooped: http://bit.ly/2E5uGd3 #cisco #wearecisco #socialvideo #branding http://bit.ly/2E1aadp pic.twitter.com/Y2sgFdF1Ol",,@aliciamia17 @WeAreCisco @CShirkeyCollins @Cisco,#cisco #wearecisco #socialvideo #branding,955866577496346625,https://twitter.com/JessGoddesse/status/955866577496346625
2018-01-23 18:15:20,Cortexica,,0,0,1,"Introducing AI-SAFE: a collaborative solution for worker safety http://bit.ly/2G4A9Bg @CiscoUKI #AISAFE #AI #Cisco pic.twitter.com/YlbHak9y6S",,@CiscoUKI,#AISAFE #AI #Cisco,955866556067713024,https://twitter.com/Cortexica/status/955866556067713024
2018-01-23 18:10:23,SKonPolitics,,0,0,0,"#Luxembourg signs MoU with #Cisco in #Davos https://lnkd.in/e4MXdJU https://lnkd.in/eajfMBE",,,#Luxembourg #Cisco #Davos,955865307175903232,https://twitter.com/SKonPolitics/status/955865307175903232
2018-01-23 18:09:59,TelecomMirror,,0,0,0,"#Luxembourg signs MoU with #Cisco in #Davos http://www.telecommirror.com/2018/01/23/luxembourg-signs-mou-with-cisco-in-davos/ …",,,#Luxembourg #Cisco #Davos,955865207607214080,https://twitter.com/TelecomMirror/status/955865207607214080
2018-01-23 18:08:31,RandyLong23,,0,0,0,"Our panel of #Cisco employees- here to share their stories with the new hires at RTP NEO 1/22-1/23 @WeAreCiscopic.twitter.com/71whBhXGFm",,@WeAreCiscopic,#Cisco,955864838747709441,https://twitter.com/RandyLong23/status/955864838747709441
2018-01-23 18:06:07,IBDGUY2C,,0,0,0,"Check out #CCIE #Collaboration v2.0, which has been refreshed with the latest collaboration products, technology, and solutions. #CiscoCert #Cisco #Technology http://bit.ly/2BnAwDk pic.twitter.com/hYFcNwpZPR",,,#CCIE #Collaboration #CiscoCert #Cisco #Technology,955864235438850048,https://twitter.com/IBDGUY2C/status/955864235438850048
2018-01-23 18:06:06,rheird,,0,1,0,"Check out #CCIE #Collaboration v2.0, which has been refreshed with the latest collaboration products, technology, and solutions. #CiscoCert #Cisco #Technology http://bit.ly/2G88yiB pic.twitter.com/Vtdece1lgu",,,#CCIE #Collaboration #CiscoCert #Cisco #Technology,955864229499699200,https://twitter.com/rheird/status/955864229499699200
2018-01-23 18:00:02,LearningatCisco,,0,4,9,"#CCIE Collaboration Major Revision, Learn about What's Changed! http://cs.co/9005Dzd19 #CiscoCert #Tech #Cisco pic.twitter.com/eF2s0PEtSq",,,#CCIE #CiscoCert #Tech #Cisco,955862705252065281,https://twitter.com/LearningatCisco/status/955862705252065281
2018-01-23 17:59:15,SNetworxx,,0,0,0,"Our network engineer juvenal_hd is stuck is the lab http://www.synergynetworxx.com #cisco #networking… https://www.instagram.com/p/BeTRy_uBnLV/",,,#cisco #networking,955862506823561216,https://twitter.com/SNetworxx/status/955862506823561216
2018-01-23 17:50:02,SKonPolitics,,0,0,0,"Top tech firms must ensure digital access for all: #Cisco CEO https://lnkd.in/e3riRk6 https://lnkd.in/eWCNYZt",,,#Cisco,955860188849934338,https://twitter.com/SKonPolitics/status/955860188849934338
2018-01-23 17:49:32,TelecomMirror,,0,0,0,"Top tech firms must ensure digital access for all: #Cisco CEO http://www.telecommirror.com/2018/01/23/top-tech-firms-must-ensure-digital-access-for-all-cisco-ceo/ …",,,#Cisco,955860060910977024,https://twitter.com/TelecomMirror/status/955860060910977024
2018-01-23 17:47:25,Amy_Lawrence,,0,2,5,"Dragons Den pitches from our partners @ComstorUK ComMENT event #SMB #cisco pic.twitter.com/YC9t9ux11j – at Fawsley Hall Hotel",,@ComstorUK,#SMB #cisco,955859527722786818,https://twitter.com/Amy_Lawrence/status/955859527722786818
2018-01-23 17:47:14,TopITVideos,,0,0,0,"Large Memory Chip Manufacturer creates a Factory of The Future - #Cisco - http://bit.ly/2E15Drp #techvideospic.twitter.com/DhGVIJBR3a",,,#Cisco #techvideospic,955859483883909120,https://twitter.com/TopITVideos/status/955859483883909120
2018-01-23 17:37:58,CertiCable,,0,0,0,"Check out 28 -19"" RACK MOUNT CISCO 2801 ACS-2801-RM-19 EARS & BRACKETS CCNE CCIE CCNA LAB #Cisco https://www.ebay.com/itm/-/192436000398?roken=cUgayN&soutkn=ixRBpB … via @eBay",,@eBay,#Cisco,955857150407999488,https://twitter.com/CertiCable/status/955857150407999488
2018-01-23 17:30:16,wes_ITProTV,,0,1,2,"What #tech companies are have been hiring? Remember to sharpen your #IT #skills. Check out the #IEEE #article here: http://ow.ly/eki230hWOey #TechGiants #Computers #InfoTech #Computers @ITProTV @TeachCompTIA @CompTIA @CompTIA_EMEA #Google #Apple #Oracle #Cisco",,@ITProTV @TeachCompTIA @CompTIA @CompTIA_EMEA,#tech #IT #skills #IEEE #article #TechGiants #Computers #InfoTech #Computers #Google #Apple #Oracle #Cisco,955855213281337344,https://twitter.com/wes_ITProTV/status/955855213281337344
2018-01-23 17:20:41,UKCiscoJobs,,0,0,0,"Network Firewall Engineer (3rd Line) http://dlvr.it/QCR8nb #jobs #cisco",,,#jobs #cisco,955852801086668800,https://twitter.com/UKCiscoJobs/status/955852801086668800
2018-01-23 17:14:12,AbeGonzalez1,,0,0,0,"Check out NEW Cisco Aironet 3702E AIR-CAP3702E-B-K9 Dual Band Wireless Access Point #Cisco https://www.ebay.com/itm/NEW-Cisco-Aironet-3702E-AIR-CAP3702E-B-K9-Dual-Band-Wireless-Access-Point-/202200322156?roken=cUgayN&soutkn=6xGsAS … via @eBay",,@eBay,#Cisco,955851169833930752,https://twitter.com/AbeGonzalez1/status/955851169833930752
2018-01-23 17:05:04,UKCiscoJobs,,0,0,0,"Network engineer http://dlvr.it/QCR2Nd #jobs #cisco",,,#jobs #cisco,955848871707516928,https://twitter.com/UKCiscoJobs/status/955848871707516928
2018-01-23 17:03:41,RugbyTeamNews,,0,0,0,"The latest Rugby Team News Daily! https://paper.li/RugbyTeamNews/1315425816?edition_id=d3abd920-003d-11e8-83ab-002590a5ba2d … #cisco",,,#cisco,955848522158477312,https://twitter.com/RugbyTeamNews/status/955848522158477312
2018-01-23 17:02:29,PSCI,,0,0,0,"We’re on the market for a Voice / #Data pro. If you’ve worked with #VoIP and have good #Cisco experience, apply today! http://bit.ly/2iNhJhL #tech #jobs",,,#Data #VoIP #Cisco #tech #jobs,955848221565358080,https://twitter.com/PSCI/status/955848221565358080
2018-01-23 17:02:28,tradenettech,,0,0,0,"Visit our website! Get $20 off your purchase when you use ""TRADE20"" at checkout. https://tradenettechnology.com/ #cisco #ciscoforsale #sales #ciscoresalepic.twitter.com/ehexexvDAC",,,#cisco #ciscoforsale #sales #ciscoresalepic,955848216632799232,https://twitter.com/tradenettech/status/955848216632799232
2018-01-23 17:02:20,LearningatCisco,,0,0,3,"STARTING NOW! #Collaboration free #webinar series with TAC engineers. for Jabber Phone Services Troubleshooting. Here's the link: http://bit.ly/2n3uXoB #CiscoCert #Cisco pic.twitter.com/fN4LiPgc8U",,,#Collaboration #webinar #CiscoCert #Cisco,955848183329902592,https://twitter.com/LearningatCisco/status/955848183329902592
2018-01-23 16:52:21,NaSa_Telecom,,0,0,2,"We are watching you . Somos #NaSaTelecom #Capacitaciones #Certificaciones #RedesDeDatos #Networking #Cisco #CCNA #Routing #Switchingpic.twitter.com/Cj9a7ssV7b",,,#NaSaTelecom #Capacitaciones #Certificaciones #RedesDeDatos #Networking #Cisco #CCNA #Routing #Switchingpic,955845672699416577,https://twitter.com/NaSa_Telecom/status/955845672699416577
2018-01-23 16:44:26,SOCIFI,,7,36,330,"GIF NEWS WEEK 04/2018 - ICO POSTPONED #cocacola #pepsi #tata #uber #cisco #eth #blockchain #smartcontracts #SOCIFI #GIF #TOKEN #ICO #ETH #btc #ltc #sponsored #data #mobile https://medium.com/socifi-gif/gif-by-socifi-ico-postponed-ac2e36ec3217 …",,,#cocacola #pepsi #tata #uber #cisco #eth #blockchain #smartcontracts #SOCIFI #GIF #TOKEN #ICO #ETH #btc #ltc #sponsored #data #mobile,955843680073650177,https://twitter.com/SOCIFI/status/955843680073650177
2018-01-23 16:43:17,benjaminfalvo,,0,0,0,"RT @sraghav19: #Cisco orchestrates #IoT transformation at Cisco Live Barcelona. #CLEUR #CiscoInnovates https://blogs.cisco.com/zzfeatured/iot-orchestration-applied-to-cities-and-emergency-vehicles … via @sraghav19",,@sraghav19 @sraghav19,#Cisco #IoT #CLEUR #CiscoInnovates,955843389030830080,https://twitter.com/benjaminfalvo/status/955843389030830080
2018-01-23 16:43:11,benjaminfalvo,,0,0,1,"RT @benjaminfalvo: RT @kericek83: What are 6 ways #IoT is improving our lives? #Cisco's VP @MaciejKranz writes in the World Economic Forum’s @WEF Agenda blog--see how #IoT is transforming #healthcare, #agriculture & our environmental impact in exciting w…pic.twitter.com/oUiRBHwaaQ",,@benjaminfalvo @kericek83 @MaciejKranz @WEF,#IoT #Cisco #IoT #healthcare #agriculture,955843365471481856,https://twitter.com/benjaminfalvo/status/955843365471481856
2018-01-23 16:42:46,sraghav19,,0,0,0,"#Cisco orchestrates #IoT transformation at Cisco Live Barcelona. #CLEUR #CiscoInnovates https://blogs.cisco.com/zzfeatured/iot-orchestration-applied-to-cities-and-emergency-vehicles … via @sraghav19",,@sraghav19,#Cisco #IoT #CLEUR #CiscoInnovates,955843259724652546,https://twitter.com/sraghav19/status/955843259724652546
2018-01-23 16:42:30,benjaminfalvo,,0,0,1,"RT @kericek83: What are 6 ways #IoT is improving our lives? #Cisco's VP @MaciejKranz writes in the World Economic Forum’s @WEF Agenda blog--see how #IoT is transforming #healthcare, #agriculture & our environmental impact in exciting ways. …pic.twitter.com/oUiRBHwaaQ",,@kericek83 @MaciejKranz @WEF,#IoT #Cisco #IoT #healthcare #agriculture,955843192766844928,https://twitter.com/benjaminfalvo/status/955843192766844928
2018-01-23 16:41:45,kericek83,,0,0,1,"What are 6 ways #IoT is improving our lives? #Cisco's VP @MaciejKranz writes in the World Economic Forum’s @WEF Agenda blog--see how #IoT is transforming #healthcare, #agriculture & our environmental impact in exciting ways. http://bit.ly/2BoC1RL pic.twitter.com/DafclwgNBW",,@MaciejKranz @WEF,#IoT #Cisco #IoT #healthcare #agriculture,955843004308193281,https://twitter.com/kericek83/status/955843004308193281
2018-01-23 16:35:32,DulceRabassa,,0,0,1,"Compete To Win with @Cisco | #Partner with #Cisco and build long-term customer relationships. Technology solutions, quality services, as well as financial rewards, sales enablement tools & trainings. #CiscoSouth #WeAreCisco #LoveWhereYouWork > https://youtu.be/ETwfft6q-vU vía @YouTube",,@Cisco @YouTube,#Partner #Cisco #CiscoSouth #WeAreCisco #LoveWhereYouWork,955841437509345281,https://twitter.com/DulceRabassa/status/955841437509345281
2018-01-23 16:32:13,dtallinger,,0,0,0,"Doc Yoran, SVP, Strategy, Security Business Group, Cisco talk at #Xerox Security Summit. Cyber crime organized & requires integration, acting faster, with auto responses. DXL agreement between #Cisco and #McAfee is example of partnership. Xerox and Cisco ISE is another.",,,#Xerox #Cisco #McAfee,955840606701522944,https://twitter.com/dtallinger/status/955840606701522944
2018-01-23 16:26:11,macc2002,,0,1,2,"#Cisco orchestrates #IoT transformation at Cisco Live Barcelona. #CLEUR #CiscoInnovates, @sraghav19 #CiscoInnovates http://bit.ly/2G7T51Y pic.twitter.com/qn4nQqXziE",,@sraghav19,#Cisco #IoT #CLEUR #CiscoInnovates #CiscoInnovates,955839088514424832,https://twitter.com/macc2002/status/955839088514424832
2018-01-23 16:22:34,scottaeddy,,0,0,0,"Miercom Report: Cisco DNA campus Network Infrastructure Outperforms Competitor #DNA #winner #Cisco http://bit.ly/2BlxUpv pic.twitter.com/iaOGmy8YUd",,,#DNA #winner #Cisco,955838175334690816,https://twitter.com/scottaeddy/status/955838175334690816
2018-01-23 16:19:57,gennacaroline27,,0,1,5,"Start #CLEUR off w. energy from executive panel of #Cisco & customer/partner leaders. Get inspired by “real & raw” role models. Get educated, chill connect create @wendymarscisco @susiewee @jeremybevan @mdennedy @KimPasche @CiscoLiveEurope #WomenInTechpic.twitter.com/aK1lBB2Jqe",,@wendymarscisco @susiewee @jeremybevan @mdennedy @KimPasche @CiscoLiveEurope,#CLEUR #Cisco #WomenInTechpic,955837518762491905,https://twitter.com/gennacaroline27/status/955837518762491905
2018-01-23 16:15:26,J0H1an,,0,0,1,"What are 6 ways #IoT is improving our lives? #Cisco's VP @MaciejKranz writes in the World Economic Forum’s @WEF Agenda blog--see how #IoT is transforming #healthcare, #agriculture & our environmental impact in exciting ways. http://bit.ly/2BmOOUU pic.twitter.com/XJi4dqb38y",,@MaciejKranz @WEF,#IoT #Cisco #IoT #healthcare #agriculture,955836382089437184,https://twitter.com/J0H1an/status/955836382089437184
2018-01-23 16:09:03,AliceRigbyAM,,0,0,0,"Where in the world can investors find sustainable dividends at viable valuations? The @EvenlodeIM global team has scoured the globe for the best income opportunities including #cisco, #pepsico and #unileverhttp://citywire.co.uk/wealth-manager/evenlode-10-sustainable-dividend-stocks/a1085927 …",,@EvenlodeIM,#cisco #pepsico #unileverhttp,955834775121661953,https://twitter.com/AliceRigbyAM/status/955834775121661953
2018-01-23 16:05:11,whatsthebigdata,,0,0,0,"#Cisco predicts 50 billion things connected to #IoT by #2020 - what does it mean to connect? http://dld.bz/gppW5 pic.twitter.com/kY9F9kAC5y",,,#Cisco #IoT #2020,955833800793128962,https://twitter.com/whatsthebigdata/status/955833800793128962
2018-01-23 16:05:10,anquezad,,0,0,0,"See #IoT orchestration in action at #Cisco Live Barcelona via @fvlingen #CLEUR #CiscoInnovates http://bit.ly/2BnRXUr pic.twitter.com/pSKOtG66Bn",,@fvlingen,#IoT #Cisco #CLEUR #CiscoInnovates,955833797576019968,https://twitter.com/anquezad/status/955833797576019968
2018-01-23 16:05:05,AuvikNetworks,,0,0,0,"#Cisco’s new machine learning tech can spot threats lurking in encrypted traffic http://j.mp/2ryNyOH pic.twitter.com/xamK8xrsYt",,,#Cisco,955833777267396608,https://twitter.com/AuvikNetworks/status/955833777267396608
2018-01-23 16:01:19,andresfelipegil,,0,3,7,"Learn to code with #DevNet, earn badges, and join our community! https://learninglabs.cisco.com #Cisco #Developers #AppDev #API #CiscoLearningNetwork #NetAcad #LoveWhereYouWork #Education #Career #Code @CiscoDevNet #100DaysOfCode http://bit.ly/2BlXDyp pic.twitter.com/4r2txyYB1w",,@CiscoDevNet,#DevNet #Cisco #Developers #AppDev #API #CiscoLearningNetwork #NetAcad #LoveWhereYouWork #Education #Career #Code #100DaysOfCode,955832827857158144,https://twitter.com/andresfelipegil/status/955832827857158144
2018-01-23 16:00:05,LearningatCisco,,0,2,6,"Check out #CCIE #Collaboration v2.0, which has been refreshed with the latest collaboration products, technology, and solutions. #CiscoCert #Cisco #Technology http://cs.co/6017DMRER pic.twitter.com/ANgRFDfGbN",,,#CCIE #Collaboration #CiscoCert #Cisco #Technology,955832516753096704,https://twitter.com/LearningatCisco/status/955832516753096704
2018-01-23 15:58:58,andresfelipegil,,0,0,1,"See #IoT orchestration in action at #Cisco Live Barcelona via @fvlingen #CLEUR #CiscoInnovates http://bit.ly/2G5kNwh pic.twitter.com/GPqOSgZyjn",,@fvlingen,#IoT #Cisco #CLEUR #CiscoInnovates,955832237529837568,https://twitter.com/andresfelipegil/status/955832237529837568
2018-01-23 15:51:41,miamou589,,0,0,1,"Discover cloud-managed security with #Cisco @Meraki today | @LogicomDisti #CiscoDCC18 #DCCLOGICOMMEW18 http://logicom.smh.re/bU",,@Meraki @LogicomDisti,#Cisco #CiscoDCC18 #DCCLOGICOMMEW18,955830405734785024,https://twitter.com/miamou589/status/955830405734785024
2018-01-23 15:50:47,gennacaroline27,,1,0,0,"@CiscoLiveEurope can you please tell me where folks can register for the #Cisco #ConnectedWomen event at #CLEUR? I'm getting pinged and would love to help. Thanks so much. https://goo.gl/hM7crv",,@CiscoLiveEurope,#Cisco #ConnectedWomen #CLEUR,955830176809500672,https://twitter.com/gennacaroline27/status/955830176809500672
2018-01-23 15:48:46,UKCiscoJobs,,0,0,0,"Junior Telephony Support Engineer http://dlvr.it/QCQWLr #jobs #cisco",,,#jobs #cisco,955829668598304768,https://twitter.com/UKCiscoJobs/status/955829668598304768
2018-01-23 15:48:34,CNYTECHJOBS,,0,0,1,"Senior Network Engineer - https://connectionsny.com/talent/job-view/id/406125 … #CCNA #Cisco",,,#CCNA #Cisco,955829619659288576,https://twitter.com/CNYTECHJOBS/status/955829619659288576
2018-01-23 15:18:22,ccie12933,,0,1,9,"#CCNA and #CCENT tip: The ARP Request is broadcast to the all-Fs MAC address, while the ARP Reply is unicast to the host that sent the original Request. #Cisco #BulldogItpic.twitter.com/VFF8vvkpLY",,,#CCNA #CCENT #Cisco #BulldogItpic,955822021589561350,https://twitter.com/ccie12933/status/955822021589561350
2018-01-23 15:18:21,RandyLong23,,1,0,3,"So, what percent of your 401k contribution will #Cisco match? Our new hires go on a scavenger hunt on our benefits portal to learn this and the answers to many other questions at RTP NEO 1/22-1/23 @WeAreCisco (shhhhh 100% up to 4.5 % of your total income)pic.twitter.com/Wjhdn6gpTm",,@WeAreCisco,#Cisco,955822015583277058,https://twitter.com/RandyLong23/status/955822015583277058
2018-01-23 15:16:24,dannyvena,,0,1,0,"Opportunities like #Apple a decade ago. 3 Stocks That Look Like Apple in 2008 @themotleyfool #stocks $AAPL, $CSCO, $NFLX, $SHOP #Shopify #Netflix #Cisco https://www.fool.com/investing/2018/01/23/3-stocks-that-look-like-apple-in-2008.aspx …",,@themotleyfool,#Apple #stocks #Shopify #Netflix #Cisco,955821524836995074,https://twitter.com/dannyvena/status/955821524836995074
2018-01-23 15:12:05,RandyLong23,,0,0,1,"#Cisco RTP NEO day 2! Anthony shuffles everyone up in a demonstration of disruption - welcome to the fast paced tech world @WeAreCiscopic.twitter.com/et7Us3fF6R",,@WeAreCiscopic,#Cisco,955820437610680320,https://twitter.com/RandyLong23/status/955820437610680320
2018-01-23 15:11:33,_Jourfixe_,,0,0,0,"Discover cloud-managed security with #Cisco @Meraki today | @LogicomDisti #CiscoDCC18 #DCCLOGICOMSA18 http://logicom.smh.re/bN",,@Meraki @LogicomDisti,#Cisco #CiscoDCC18 #DCCLOGICOMSA18,955820304479203328,https://twitter.com/_Jourfixe_/status/955820304479203328
2018-01-23 15:10:50,ndbridge,,0,0,0,"The Bridge Cloud Suite gives supervisors visibility of all logged in users. #MicrosoftTeams #Skype4B #Cisco http://www.bridgeoc.com pic.twitter.com/kO64NTSU9n",,,#MicrosoftTeams #Skype4B #Cisco,955820125877350400,https://twitter.com/ndbridge/status/955820125877350400
2018-01-23 15:10:27,CisnetSolutions,,0,0,0,"What does it take to plan a network upgrade? #cabling #structuredcabling #datacabling #cat5 #cat6 #cat7 #cat8 #fibre #networkcabling #cisco #networking #broadband #wifi #networkarchitect #cablemanagement #coppercabling http://www.cisnet-solutions.co.uk/networking-lan-plan.html …pic.twitter.com/8Ksj5lCJtG",,,#cabling #structuredcabling #datacabling #cat5 #cat6 #cat7 #cat8 #fibre #networkcabling #cisco #networking #broadband #wifi #networkarchitect #cablemanagement #coppercabling,955820029412601856,https://twitter.com/CisnetSolutions/status/955820029412601856
2018-01-23 14:58:09,oktayhacimusal1,,0,0,0,"President Ilham Aliyev met with Cisco Executive Vice President http://en.president.az/articles/26797 #Azerbaijan #IlhamAliyev #Cisco #meeting",,,#Azerbaijan #IlhamAliyev #Cisco #meeting,955816930807615488,https://twitter.com/oktayhacimusal1/status/955816930807615488
2018-01-23 14:57:01,CXtec,,0,0,0,"Everything you need to know about the 2960 switch line from #Cisco. View the full video and transcription here: http://bit.ly/2jY93nz .",,,#Cisco,955816646718959616,https://twitter.com/CXtec/status/955816646718959616
2018-01-23 14:38:20,DataPrimeCloud,,0,0,0,"Video from Cisco, talking about the reasons to partner with Cisco and build long-term customer relationships, link below. #Cisco #post30dayshttps://m.youtube.com/watch?v=ETwfft6q-vU&feature=youtu.be …",,,#Cisco #post30dayshttps,955811944774164482,https://twitter.com/DataPrimeCloud/status/955811944774164482
2018-01-23 14:37:07,Hybrid_Circle,,0,0,0,"Multi-cloud Cloudian controllers now run in AWS, #Azure and Google http://twib.in/l/9Eppbd4yBMod via @Hybrid_Circle #vmWARE #Cisco pic.twitter.com/tFTDEFmrfT",,@Hybrid_Circle,#Azure #vmWARE #Cisco,955811637163896832,https://twitter.com/Hybrid_Circle/status/955811637163896832
2018-01-23 14:30:49,ChrisBogDog,,0,0,0,"See #IoT orchestration in action at #Cisco Live Barcelona via @fvlingen #CLEUR #CiscoInnovates http://bit.ly/2G9OX1A pic.twitter.com/kh1QQbdcrb",,@fvlingen,#IoT #Cisco #CLEUR #CiscoInnovates,955810053377875975,https://twitter.com/ChrisBogDog/status/955810053377875975
2018-01-23 14:24:26,SeekingAlpha,,0,0,0,"$CSCO #CISCO $IBM $JNPR $MSFT $PANW $FEYEhttps://seekingalpha.com/article/4139345-fireeye-potential-buyout-target-2018?source=feed_f …",,,#CISCO,955808446179262469,https://twitter.com/SeekingAlpha/status/955808446179262469
2018-01-23 14:17:37,UKCiscoJobs,,0,0,0,"Telecom Engineer http://dlvr.it/QCPvmQ #jobs #cisco",,,#jobs #cisco,955806730142625792,https://twitter.com/UKCiscoJobs/status/955806730142625792
2018-01-23 14:17:15,TradTobaishat,,0,0,1,"The innovation @CiscoSpark brings in making all the choices needed in just 6 Icons that is easy to use by anyone. #CiscoSpark #Cisco pic.twitter.com/sdn0zHtK4c",,@CiscoSpark,#CiscoSpark #Cisco,955806637612257286,https://twitter.com/TradTobaishat/status/955806637612257286
2018-01-23 14:14:27,b4bdg,,0,0,0,"Let Cisco networking knowledge add zeroes to your salary with this training #Cisco #ChannelPartners #ITpros #IT #InformationTechnology #Techies #ColoradoIT https://hubs.ly/H09Lc3L0 by @tnwdeals",,@tnwdeals,#Cisco #ChannelPartners #ITpros #IT #InformationTechnology #Techies #ColoradoIT,955805935137689600,https://twitter.com/b4bdg/status/955805935137689600
2018-01-23 14:08:17,Notes_Theory,,1,0,1,"How Srinidhi Cracked His CISSP Exam https://www.studynotesandtheory.com/single-post/How-Srinidhi-Cracked-His-CISSP-Exam … ---------------- > #cissp #security #ceh #hacking #cybersecurity #infosec #pune #bengaluru #chennai #ethicalhacking #tech #breach #data #firewall #cisco #paloalto #checkpoint #fortinet #ciso #encryption #cryptography",,,#cissp #security #ceh #hacking #cybersecurity #infosec #pune #bengaluru #chennai #ethicalhacking #tech #breach #data #firewall #cisco #paloalto #checkpoint #fortinet #ciso #encryption #cryptography,955804381877850112,https://twitter.com/Notes_Theory/status/955804381877850112
2018-01-23 13:56:09,DABCC,,0,0,0,"Video: Dare Mighty Things with Analytics, Machine Learning and AI - #Cisco - http://bit.ly/2DS0GRJ pic.twitter.com/9VULESHtre",,,#Cisco,955801327422132226,https://twitter.com/DABCC/status/955801327422132226
2018-01-23 13:32:05,FarrukhHassanov,,0,0,0,"President Ilham Aliyev met with Cisco Executive Vice President http://en.president.az/articles/26797 #Azerbaijan #IlhamAliyev #Cisco #meeting",,,#Azerbaijan #IlhamAliyev #Cisco #meeting,955795273166606341,https://twitter.com/FarrukhHassanov/status/955795273166606341
2018-01-23 13:30:01,will_h_suk,,0,0,0,"#Cisco orchestrates #IoT transformation at Cisco Live Barcelona. #CLEUR #CiscoInnovates, @sraghav19 #CiscoInnovates http://bit.ly/2ruFXRj pic.twitter.com/m4n8aYi7P8",,@sraghav19,#Cisco #IoT #CLEUR #CiscoInnovates #CiscoInnovates,955794753475436546,https://twitter.com/will_h_suk/status/955794753475436546
2018-01-23 13:29:36,SteffWatson,,0,0,1,"West’s Unified Communications Services Attains @CiscoCollab Powered #Cisco Spark Service Provider Designation - http://markets.businessinsider.com/news/1013590613",,@CiscoCollab,#Cisco,955794647321862144,https://twitter.com/SteffWatson/status/955794647321862144
2018-01-23 13:17:18,ruribeir,,0,0,1,"What are 6 ways #IoT is improving our lives? #Cisco's VP @MaciejKranz writes in the World Economic Forum’s @WEF Agenda blog--see how #IoT is transforming #healthcare, #agriculture & our environmental impact in exciting ways. http://bit.ly/2G5ygV3 pic.twitter.com/QJkn6hGOLA",,@MaciejKranz @WEF,#IoT #Cisco #IoT #healthcare #agriculture,955791550423883777,https://twitter.com/ruribeir/status/955791550423883777
2018-01-23 13:17:17,My_Cisco_News,,0,0,1,"What are 6 ways #IoT is improving our lives? #Cisco's VP @MaciejKranz writes in the World Economic Forum’s @WEF Agenda blog--see how #IoT is transforming #healthcare, #agriculture & our environmental impact in exciting ways. http://bit.ly/2n4Z6Ve pic.twitter.com/2Lnb3hTlT1",,@MaciejKranz @WEF,#IoT #Cisco #IoT #healthcare #agriculture,955791549358522370,https://twitter.com/My_Cisco_News/status/955791549358522370
2018-01-23 13:10:28,JabrayilovMusa,,0,0,0,"Official web-site of President of Azerbaijan Republic - NEWS » Meetings Ilham Aliyev met with Cisco Executive Vice President http://en.president.az/articles/26797#.Wmc0OkC0B6U.twitter … #Azerbaijan #IlhamAliyev #Cisco #meeting",,,# #Azerbaijan #IlhamAliyev #Cisco #meeting,955789834207014912,https://twitter.com/JabrayilovMusa/status/955789834207014912
2018-01-23 13:08:10,LighthouseCS,,0,0,1,"Imagine a network that is adaptable, constantly learning, dynamically changing and reconfiguring itself, and all of this while detecting malware in encrypted traffic. #CiscoPartner #Cisco #NetworkIntuitive #IntentBased #CyberSecurity #NYBiz #BostonBiz https://hubs.ly/H09Lb7C0 pic.twitter.com/RIcCJUhPl4",,,#CiscoPartner #Cisco #NetworkIntuitive #IntentBased #CyberSecurity #NYBiz #BostonBiz,955789253023354880,https://twitter.com/LighthouseCS/status/955789253023354880
2018-01-23 13:03:41,RugbyTeamNews,,0,0,0,"The latest Rugby Team News Daily! https://paper.li/RugbyTeamNews/1315425816?edition_id=d3abd920-003d-11e8-83ab-002590a5ba2d … #partnernews #cisco",,,#partnernews #cisco,955788125720186880,https://twitter.com/RugbyTeamNews/status/955788125720186880
2018-01-23 13:03:13,CiscoBlog1,,0,0,0,"3 Stocks That Look Like Apple in 2008 #cisco #bhivelabs http://dld.bz/g7J7N",,,#cisco #bhivelabs,955788006966857728,https://twitter.com/CiscoBlog1/status/955788006966857728
2018-01-23 13:02:03,fbolanosf,,0,0,2,"What are 6 ways #IoT is improving our lives? #Cisco's VP @MaciejKranz writes in the World Economic Forum’s @WEF Agenda blog--see how #IoT is transforming #healthcare, #agriculture & our environmental impact in exciting ways. http://bit.ly/2rwyAJg pic.twitter.com/aTbnqc6r3c",,@MaciejKranz @WEF,#IoT #Cisco #IoT #healthcare #agriculture,955787714695020545,https://twitter.com/fbolanosf/status/955787714695020545
2018-01-23 13:01:28,CXtec,,0,0,0,"Many of you ask, ""How do I configure a Cisco router?"" We see you and we hear you - http://bit.ly/2Ci4tZW . #Cisco #Routerpic.twitter.com/fXDEX9IXkx",,,#Cisco #Routerpic,955787569551290368,https://twitter.com/CXtec/status/955787569551290368
2018-01-23 12:57:35,jakeobsen,,0,0,0,"Not sure if exited, or terrified. #cisco @cisco #ccnp #routing #networking #network #it #infrastructurepic.twitter.com/IQvasvRtZT",,@cisco,#cisco #ccnp #routing #networking #network #it #infrastructurepic,955786592119087105,https://twitter.com/jakeobsen/status/955786592119087105
2018-01-23 12:54:05,JaleTofiqqizi,,0,0,1,"President Ilham Aliyev met with Cisco Executive Vice President #Azerbaijan #IlhamAliyev #Cisco #meeting http://en.president.az/articles/26797",,,#Azerbaijan #IlhamAliyev #Cisco #meeting,955785708114989056,https://twitter.com/JaleTofiqqizi/status/955785708114989056
2018-01-23 12:31:03,MarkCaliguri,,0,0,0,"#Cisco Cisco Named One of the Global 100 Most Sustainable Corporations by Corporate Knights - At Cisco, we are honored to be ranked among the 2018 Global 100 Most Sustainable Corporations, a validation of our commitment to corporate social responsibil... http://ow.ly/6fPx50gdPAX",,,#Cisco,955779915303018496,https://twitter.com/MarkCaliguri/status/955779915303018496
2018-01-23 12:28:47,TheBaoth,,0,0,1,"Passed #Cisco ICND1 today, so am officially CCENT certified. Thanks to the @OUCisco and my tutor. Semesters 1 and 2 done. Eye opening course. Looking forward to semesters 3 and 4!",,@OUCisco,#Cisco,955779341551652864,https://twitter.com/TheBaoth/status/955779341551652864
2018-01-23 12:22:05,NetComLearning,,0,0,0,"Read the #Article to learn how you can advance your #networking #Careers with #Cisco Routing & Switching, Know more- https://goo.gl/R6QybN pic.twitter.com/W8YjhbQlpy",,,#Article #networking #Careers #Cisco,955777657223852037,https://twitter.com/NetComLearning/status/955777657223852037
2018-01-23 12:11:28,jakeobsen,,0,0,1,"I just love old school 64 kbps serial links!... Downloading 3.4 mb on PC-C from ASA box :D #cisco #lab #ccna #ccnas @cisco #oldschool #serial #cereal #fastethernet #asapic.twitter.com/9uzacR1yi9",,@cisco,#cisco #lab #ccna #ccnas #oldschool #serial #cereal #fastethernet #asapic,955774986895192064,https://twitter.com/jakeobsen/status/955774986895192064
2018-01-23 12:10:36,RocketingBrand,,0,0,0,"RT @AnnabelClarke: ‘We want to become a marketing company’: meet the new #Cisco http://www.thedrum.com/news/2018/01/23/we-want-become-marketing-company-meet-the-new-cisco … via @thedrum #marketing #tech #customer #digital #brand #cybersecurity",,@AnnabelClarke @thedrum,#Cisco #marketing #tech #customer #digital #brand #cybersecurity,955774767386234881,https://twitter.com/RocketingBrand/status/955774767386234881
2018-01-23 12:10:28,ndbridge,,0,1,1,"The Bridge Cloud Suite for Cisco UC brings unseen performance, unified status, platform independence, and support for Finesse. Q1 2018. #Cisco http://www.bridgeoc.com pic.twitter.com/CKrvuuYn4h",,,#Cisco,955774734150578176,https://twitter.com/ndbridge/status/955774734150578176
2018-01-23 11:43:15,EdDallal,,0,2,1,"Bell apologizes to customers after data breach hits 1.9 million e-mail addresses - The Glob & Mail #ciscoamp #Cisco https://www.google.ca/amp/s/www.theglobeandmail.com/amp/report-on-business/bell-apologizes-to-customers-after-data-breach-hits-19-million-e-mail-addresses/article35004027/ …",,,#ciscoamp #Cisco,955767884294303744,https://twitter.com/EdDallal/status/955767884294303744
2018-01-23 11:35:37,UNITeSAcademy,,1,3,2,"#NationalICTOlympicsNICO2017SW #GirlsInICT #UnitySchools #Education #Technology #Cisco Watch out for #NICO2018SouthSouth #ComingSoonpic.twitter.com/yvzB4DYwy7",,,#NationalICTOlympicsNICO2017SW #GirlsInICT #UnitySchools #Education #Technology #Cisco #NICO2018SouthSouth #ComingSoonpic,955765964691435520,https://twitter.com/UNITeSAcademy/status/955765964691435520
2018-01-23 11:33:48,chrhenle,,0,0,1,"See #IoT orchestration in action at #Cisco Live Barcelona via @fvlingen #CLEUR #CiscoInnovates http://bit.ly/2G9wAKi pic.twitter.com/CX7oi0YZqn",,@fvlingen,#IoT #Cisco #CLEUR #CiscoInnovates,955765506362957824,https://twitter.com/chrhenle/status/955765506362957824
2018-01-23 11:27:37,IspFramework,,0,0,0,"Looks like #cisco doesn't support VLAN ACL on @cisco virtual switches (vios_l2 and I86BI_LINUXL2-ADVENTERPRISEK9-M). We have a lab on @EVE_NG_TEAM. IP ACL are fine, MAC access-list allows to create, but map all to VLAN ACL doesn't want to. At least it supports Private-VLANs",,@cisco @EVE_NG_TEAM,#cisco,955763949064028160,https://twitter.com/IspFramework/status/955763949064028160
2018-01-23 11:22:25,forgakeusei441,,0,0,2,"Todays Topic ""How to configure password on Cisco Router or Switch"" Free Cisco CCNA 200-125 Online class on alternate days. https://www.youtube.com/watch?v=ti0jmpqsi6M … #CiscoLive #Cisco #CCNA #cisco #ccna #ccnp #ccie #network #certification #router #switch #Cisco #Advanced #collaboration",,,#CiscoLive #Cisco #CCNA #cisco #ccna #ccnp #ccie #network #certification #router #switch #Cisco #Advanced #collaboration,955762641930203138,https://twitter.com/forgakeusei441/status/955762641930203138
2018-01-23 11:19:06,adevigne,,0,1,0,"John Chambers, nouvel ambassadeur de la « French Tech ». Your hard work pays off #cisco. You got it right! Congrats. http://po.st/2rMcqj via @LesEchos",,@LesEchos,#cisco,955761806227771392,https://twitter.com/adevigne/status/955761806227771392
2018-01-23 11:12:43,ZackDG8,,0,1,0,"Worst male suoer hero character on a cw show #JimmyOlsen #Supergirl #Cisco #Theflash #OliverQueen #Arrow #RipHunter #DCLegendsoftomorrow",,,#JimmyOlsen #Supergirl #Cisco #Theflash #OliverQueen #Arrow #RipHunter #DCLegendsoftomorrow,955760201851949056,https://twitter.com/ZackDG8/status/955760201851949056
2018-01-23 11:12:28,AnnabelClarke,,0,0,0,"‘We want to become a marketing company’: meet the new #Cisco http://www.thedrum.com/news/2018/01/23/we-want-become-marketing-company-meet-the-new-cisco … via @thedrum #marketing #tech #customer #digital #brand #cybersecurity",,@thedrum,#Cisco #marketing #tech #customer #digital #brand #cybersecurity,955760136466976768,https://twitter.com/AnnabelClarke/status/955760136466976768
2018-01-23 11:09:56,abdojafar,,0,7,12,"#HappeningNow @LogicomDisti #JO #Cisco team is giving a refresh session on #Cisco Service Renewal and Identity Service Engine #dCloudpic.twitter.com/d0YbaU0h9x",,@LogicomDisti,#HappeningNow #JO #Cisco #Cisco #dCloudpic,955759499264118785,https://twitter.com/abdojafar/status/955759499264118785
2018-01-23 11:07:54,chrisferrisuk,,0,0,0,"Manchester’s CityVerve launches new internet of things challenge for SMEs and startups http://bit.ly/2rvEWbx via @computerweekly #Cisco",,@computerweekly,#Cisco,955758989253505025,https://twitter.com/chrisferrisuk/status/955758989253505025
2018-01-23 11:07:31,CiscoWorlds,,1,0,0,"Is it possible to attend ""live"" sessions listed on http://bit.ly/2G93vhK page? I know all session will be published as on-demand after @CiscoLive, but I want to attend live as they run. #CLEUR #CiscoLive #cisco @Cisco @CiscoPtnrEMEAR @CiscoLiveEurope",,@CiscoLive @Cisco @CiscoPtnrEMEAR @CiscoLiveEurope,#CLEUR #CiscoLive #cisco,955758890490228736,https://twitter.com/CiscoWorlds/status/955758890490228736
2018-01-23 11:02:47,UKCiscoJobs,,0,0,0,"Project Coordinator http://dlvr.it/QCNdWP #jobs #cisco",,,#jobs #cisco,955757702046613505,https://twitter.com/UKCiscoJobs/status/955757702046613505
2018-01-23 10:59:31,rajarajanchola,,0,0,0,"#Cisco Integrated System for #Microsoft_Azure Stack: It is here and shipping #Cisco Integrated System for... https://fb.me/8bTAH1hgd",,,#Cisco #Microsoft_Azure #Cisco,955756877027119104,https://twitter.com/rajarajanchola/status/955756877027119104
2018-01-23 10:52:49,StackNetworkEng,,0,0,0,"Can you answer this? persistent-data file in nvram root on Cisco switches https://networkengineering.stackexchange.com/q/47241?atw=1 #cisco",,,#cisco,955755192812744704,https://twitter.com/StackNetworkEng/status/955755192812744704
2018-01-23 10:49:38,robin_olds,,0,0,0,"See #IoT orchestration in action at #Cisco Live Barcelona via @fvlingen #CLEUR #CiscoInnovates http://bit.ly/2n2Dvgk pic.twitter.com/59Eg5DlSTK",,@fvlingen,#IoT #Cisco #CLEUR #CiscoInnovates,955754389431508992,https://twitter.com/robin_olds/status/955754389431508992
2018-01-23 10:44:04,n3twr,,0,7,12,"Multicast and QoS discussions compilation https://learningnetwork.cisco.com/thread/120926 #ccde #ccie #multicast #qos #cisco @LearningatCisco @CiscoChampion #CiscoVIP #CiscoChampionpic.twitter.com/iguLc1gDZe",,@LearningatCisco @CiscoChampion,#ccde #ccie #multicast #qos #cisco #CiscoVIP #CiscoChampionpic,955752989892980736,https://twitter.com/n3twr/status/955752989892980736
2018-01-23 10:42:50,Italtel,,0,2,3,"Italtel presents at Cisco Live in Barcelona a new version of ASAP tool, to coordinate and automatize the on boarding of new Customer, configuring all the elements present in the #HCS solution. Available not only for Shared Architecture version but also for Dedicated #CLEUR #Cisco",,,#HCS #CLEUR #Cisco,955752678222716929,https://twitter.com/Italtel/status/955752678222716929
2018-01-23 10:38:50,maniak,,0,0,3,"Interesting panel discussion at the #cisco Executive #Cyber #security Summit in FFM @Cisco @CiscoSecuritypic.twitter.com/VHpTS9sOEJ",,@Cisco @CiscoSecuritypic,#cisco #Cyber #security,955751674760572928,https://twitter.com/maniak/status/955751674760572928
2018-01-23 10:21:16,VanillaIP,,0,1,2,"Looks like everything is going to plan as #BroadSoft obtains antitrust clearance for pending acquisition by #Cisco http://ow.ly/PYbp30hWBta",,,#BroadSoft #Cisco,955747253834190848,https://twitter.com/VanillaIP/status/955747253834190848
2018-01-23 10:21:16,UbossInt,,0,0,0,"Looks like everything is going to plan as #BroadSoft obtains antitrust clearance for pending acquisition by #Cisco http://ow.ly/PYbp30hWBta",,,#BroadSoft #Cisco,955747253444018176,https://twitter.com/UbossInt/status/955747253444018176
2018-01-23 10:09:10,paulamedeiros,,0,0,1,"B2B tech companies like #IBM, #Oracle, #Cisco are using #Instagram to showcase their company culture.https://lnkd.in/ewEY9dN",,,#IBM #Oracle #Cisco #Instagram,955744207536295936,https://twitter.com/paulamedeiros/status/955744207536295936
2018-01-23 09:53:16,InvGurInd,,0,0,0,"Top tech firms must ensure #digital access for all: #Cisco #CEO http://ow.ly/Hxb130hWzBk #Industry @Ciscopic.twitter.com/sRc9WdM3XH",,@Ciscopic,#digital #Cisco #CEO #Industry,955740206174437381,https://twitter.com/InvGurInd/status/955740206174437381
2018-01-23 09:52:19,Abassaler,,0,0,0,"#Cisco orchestrates #IoT transformation at Cisco Live Barcelona. #CLEUR #CiscoInnovates, @sraghav19 #CiscoInnovates http://bit.ly/2G9b9ca pic.twitter.com/lFbpOsQiZz",,@sraghav19,#Cisco #IoT #CLEUR #CiscoInnovates #CiscoInnovates,955739966239211520,https://twitter.com/Abassaler/status/955739966239211520
2018-01-23 09:51:06,Hussein_Anees_R,,0,0,1,"You have been breached, Now what? Join #Cisco's live webinar to learn how to build a strong #security posture & layered defence that will give you the ability to quickly respond to breaches | @LogicomDisti #CiscoDCC18 #DCCLOGICOMSA18 http://logicom.smh.re/bG",,@LogicomDisti,#Cisco #security #CiscoDCC18 #DCCLOGICOMSA18,955739658700419072,https://twitter.com/Hussein_Anees_R/status/955739658700419072
2018-01-23 09:45:19,HeshamElsherif9,,0,0,2,"Discover cloud-managed security with #Cisco @Meraki today | @LogicomDisti #CiscoDCC18 #DCCLOGICOMSA18 http://logicom.smh.re/bE",,@Meraki @LogicomDisti,#Cisco #CiscoDCC18 #DCCLOGICOMSA18,955738205642526722,https://twitter.com/HeshamElsherif9/status/955738205642526722
2018-01-23 09:30:44,Emircom_me,,0,2,1,"#Digital Transformation through the Power of Microsoft Azure Stack and #Cisco #UCS http://oal.lu/X0L8Y #Dubaipic.twitter.com/qC5n1LTQ3F",,,#Digital #Cisco #UCS #Dubaipic,955734533667684352,https://twitter.com/Emircom_me/status/955734533667684352
2018-01-23 09:26:01,OfficialGadget2,,0,0,0,"Top tech firms must ensure digital access for all: #Cisco CEO http://ow.ly/Hxh230hWxCH #Technology @Ciscopic.twitter.com/MmqPvUoWV6",,@Ciscopic,#Cisco #Technology,955733346063089664,https://twitter.com/OfficialGadget2/status/955733346063089664
2018-01-23 09:18:15,Euti,,0,0,0,"#Cisco orchestrates #IoT transformation at Cisco Live Barcelona. #CLEUR #CiscoInnovates, @sraghav19 #CiscoInnovates http://bit.ly/2ry3MaP pic.twitter.com/OGr3KjSItj",,@sraghav19,#Cisco #IoT #CLEUR #CiscoInnovates #CiscoInnovates,955731392473702400,https://twitter.com/Euti/status/955731392473702400
2018-01-23 09:16:53,OfficialGadget2,,0,0,0,"Top tech firms must ensure digital access for all: #Cisco CEO http://ow.ly/TA2E30hWwTW #Technology @Ciscopic.twitter.com/pZ0tERRz5v",,@Ciscopic,#Cisco #Technology,955731051535650816,https://twitter.com/OfficialGadget2/status/955731051535650816
2018-01-23 09:01:01,KurmiSoftware,,0,1,5,"One week to go before @CiscoLiveEurope! Meet our team on the Collaboration Partner Village to get a demo of our provisioning, management & migration solutions for @CiscoCollab suite! #CLEUR #Cisco #Collaboration #CiscoLivepic.twitter.com/QX5aJs33mq",,@CiscoLiveEurope @CiscoCollab,#CLEUR #Cisco #Collaboration #CiscoLivepic,955727056238718976,https://twitter.com/KurmiSoftware/status/955727056238718976
2018-01-23 08:59:09,kasena17,,0,0,0,"@Cisco_Mobility Pass Advanced Collaboration Architecture Sales Engineer Exam without waste your time and money. http://Examarea.com provide you the valid exam material for 700-039 exam. Visit @https://www.examarea.com/700-039-exams.html … #Cisco #Advanced #collaboration #Architecture #dumpspic.twitter.com/Sx4xfsY2oG",,@Cisco_Mobility @https,#Cisco #Advanced #collaboration #Architecture #dumpspic,955726588049612800,https://twitter.com/kasena17/status/955726588049612800
2018-01-23 08:55:04,LeilaGva,azmissiongeneva,0,0,2,"President #IlhamAliyev met with #Cisco Executive Vice President https://twitter.com/azmissiongeneva/status/955724895756877824 …",,,#IlhamAliyev #Cisco,955725557714612224,https://twitter.com/LeilaGva/status/955725557714612224
2018-01-23 08:52:26,azmissiongeneva,,0,0,0,"President Ilham Aliyev met with #Cisco Executive Vice President https://azertag.az/en/xeber/President_Ilham_Aliyev_met_with_Cisco_Executive_Vice_President_VIDEO-1130546 …",,,#Cisco,955724895756877824,https://twitter.com/azmissiongeneva/status/955724895756877824
2018-01-23 08:30:44,gasilva78,,0,0,0,"Don't miss the #Cisco and #Citrix Winnovation Webinar - Platform Hardware/Software Update, Jan 23, 2018 | 8:00 AM PT. #CitrixPartners, register now! http://bit.ly/2DDj5UI",,,#Cisco #Citrix #CitrixPartners,955719436580933633,https://twitter.com/gasilva78/status/955719436580933633
2018-01-23 08:28:15,chrismassey35,,0,0,0,"Miercom Report: Cisco DNA campus Network Infrastructure Outperforms Competitor #DNA #winner #Cisco http://bit.ly/2G9UR2P pic.twitter.com/rpBlq55HIn",,,#DNA #winner #Cisco,955718812602531840,https://twitter.com/chrismassey35/status/955718812602531840
2018-01-23 08:22:30,pimvanriet,,0,0,0,"See #IoT orchestration in action at #Cisco Live Barcelona via @fvlingen #CLEUR #CiscoInnovates http://bit.ly/2n1QRcG pic.twitter.com/fajkPf48oA",,@fvlingen,#IoT #Cisco #CLEUR #CiscoInnovates,955717363235565568,https://twitter.com/pimvanriet/status/955717363235565568
2018-01-23 08:05:24,hallamtweets,,0,0,2,"@grahamjfry gives his views on why 2018 IS WHEN #COLLABORATION WILL MAKE A BIG IMPACT https://lnkd.in/g7YjDtZ @avsnet #UC #TechUC #UKChannel #Cisco",,@grahamjfry @avsnet,#COLLABORATION #UC #TechUC #UKChannel #Cisco,955713060152446976,https://twitter.com/hallamtweets/status/955713060152446976
2018-01-23 08:00:23,grassroots_rec,,0,0,0,"We're looking for experienced Network #Engineers with a #Cisco background to join expanding firm in the #SouthWest UK area - £50K base with car allowance + bonus' - Apply now! http://ow.ly/vWOn30hHZUK pic.twitter.com/FPrDzByCvy",,,#Engineers #Cisco #SouthWest,955711795951554560,https://twitter.com/grassroots_rec/status/955711795951554560
2018-01-23 08:00:10,SecurityNewsbot,,0,2,0,"#Vuln: #Cisco Policy Suite CVE-2018-0089 Information #Disclosure Vulnerability http://www.securityfocus.com/bid/102758 #bugtraq",,,#Vuln #Cisco #Disclosure #bugtraq,955711742390149120,https://twitter.com/SecurityNewsbot/status/955711742390149120
2018-01-23 07:36:08,mmeitza,,0,1,3,"The #Cisco ISR 4K is a great replacement to the Cisco 2900 & 3900 Series routers. Read it here! @LogicomDisti #DCCLOGICOMGR18 #CiscoDCC18http://logicom.smh.re/b2",,@LogicomDisti,#Cisco #DCCLOGICOMGR18 #CiscoDCC18http,955705694782619648,https://twitter.com/mmeitza/status/955705694782619648
2018-01-23 07:30:39,Antonis_Sp,,0,0,0,"Before trying to find the setting for mesh networking in #Cisco's mobility express, check if mobility express supports mesh. pic.twitter.com/ef1MNIvAti",,,#Cisco,955704314919620608,https://twitter.com/Antonis_Sp/status/955704314919620608
2018-01-23 07:25:06,BaraaMohammadSY,,0,2,5,"A virtual collaboration room for your team. Meet, discuss and interact. Introducing #CiscoSpark in #VR Discover it with #AlJammazVAD #Cisco #Distribution #CiscoDCC18 #DCCAlJammaz18 @CiscoDistEMEAR @imsidahmadhttp://aljammazdistribution.smh.re/0o",,@CiscoDistEMEAR @imsidahmadhttp,#CiscoSpark #VR #AlJammazVAD #Cisco #Distribution #CiscoDCC18 #DCCAlJammaz18,955702919583752192,https://twitter.com/BaraaMohammadSY/status/955702919583752192
2018-01-23 07:24:21,BaraaMohammadSY,,0,2,6,"Discover Cisco Digital Network Architecture innovations #AlJammazVAD #Cisco #Distribution #CiscoDCC18 #DCCAlJammaz18 @CiscoDistEMEAR @imsidahmadhttp://aljammazdistribution.smh.re/0m",,@CiscoDistEMEAR @imsidahmadhttp,#AlJammazVAD #Cisco #Distribution #CiscoDCC18 #DCCAlJammaz18,955702727920816128,https://twitter.com/BaraaMohammadSY/status/955702727920816128
2018-01-23 07:23:31,BaraaMohammadSY,,0,1,3,"You WANT to Automate! But Where to Start? Discover it with #AlJammazVAD #Cisco #Distribution #CiscoDCC18 #DCCAlJammaz18 @CiscoDistEMEAR @imsidahmadhttp://aljammazdistribution.smh.re/0k",,@CiscoDistEMEAR @imsidahmadhttp,#AlJammazVAD #Cisco #Distribution #CiscoDCC18 #DCCAlJammaz18,955702520080404480,https://twitter.com/BaraaMohammadSY/status/955702520080404480
2018-01-23 07:22:57,BaraaMohammadSY,,0,2,4,"#Cisco is presenting an entirely New Era of #Networking Discover Cisco Enterprise #Networking #Network #AlJammaz #Distribution #CiscoDCC18 #DCCAlJammaz18 #exginge #technology #tech @CiscoDistEMEAR @imsidahmadhttp://aljammazdistribution.smh.re/0j",,@CiscoDistEMEAR @imsidahmadhttp,#Cisco #Networking #Networking #Network #AlJammaz #Distribution #CiscoDCC18 #DCCAlJammaz18 #exginge #technology #tech,955702376442269697,https://twitter.com/BaraaMohammadSY/status/955702376442269697
2018-01-23 07:11:21,taal_robert,,0,1,1,"How Cool!! Cisco Meraki API connected to Amazon Alexa #cisco #meraki for Network Analyticshttps://lnkd.in/g_Mq98e",,,#cisco #meraki,955699458565595136,https://twitter.com/taal_robert/status/955699458565595136
2018-01-23 07:03:11,CiscoBlog1,,0,0,0,"4006 Cisco Valley Dr Round Rock, TX, 78664 #cisco #bhivelabs http://dld.bz/g7G2n",,,#cisco #bhivelabs,955697403646087168,https://twitter.com/CiscoBlog1/status/955697403646087168
